first_name,last_name,employee_id,title,company,social_security,checking_account,routing_number
Adam,Tran,,Merchandiser retail,Sullivan Group,172-71-1333,IBBA65612636836887,20422325
Kevin,Miller,,Human resources officer,Moss-Gonzalez,593-81-3627,NZPE97727995622587,95870902
Sarah,Vega,,Accommodation manager,Malone-Montgomery,758-76-8163,JYTA41664933846112,12576742
Sandra,Hamilton,,Teacher secondary school,Mullins-Ramos,195-29-7216,GZTO45307351905793,126703032
Dawn,Randall,,Librarian public,Davila PLC,124-13-5151,IWLP97011322661833,67921164
Stephanie,Williams,,Early years teacher,Walker-Williams,420-19-5562,TRFS03141611117452,39056054
Miguel,Jackson,,Industrial product designer,Long-Hardy,525-22-4511,ZRDC28187880638186,26432225
Kathy,Knight,,Accountant chartered certified,Anderson-Smith,353-61-8533,TWFA21073652494948,42207625
Miguel,Scott,,Community arts worker,Schroeder-Phelps,129-99-4065,RASY69413887747705,117308006
Leah,White,,Forensic psychologist,Oneill PLC,784-59-6689,ADVD32570295888257,92577318
Barry,Ward,,Therapist,Haynes Mcintosh and Cook,845-57-2863,MVZA11066461520815,99592875
Christian,Fox,,Archaeologist,Alexander Guerrero and Hughes,895-68-6479,ZDUB51205362275936,12853371
Diane,Hill,,Energy engineer,Robles-Todd,584-11-3423,CUOP64213733623154,25377925
Amy,Williams,,Ergonomist,Thomas LLC,497-84-8135,EHVA71760526284092,119695034
Carla,Wright,,Actor,Jones Martinez and Tanner,700-73-9663,ZCXD63728347446979,16781148
Anthony,Walton,,Ceramics designer,Anderson-Scott,123-95-9450,VPYC13688304534553,47038417
Michelle,Evans,,Nature conservation officer,Wilkins-Dillon,692-38-5916,RHJW69307118580419,31279046
Darryl,Cole,,Commercial art gallery manager,Hansen Ellis and Martin,320-58-3383,HKHS14078111819124,26465988
Michael,Smith,,Sales promotion account executive,Rogers Hansen and Lewis,581-99-2780,GTIS02376829032695,56705113
Leslie,Schmidt,,Engineer civil (contracting),Bennett Sanders and Roberts,384-33-9685,FZJF74553347721161,128135048
Michael,Walker,,Radiographer therapeutic,Bonilla Ltd,182-59-8245,BLFJ24387065694650,15700861
Jasmine,Best,,Financial adviser,Benitez Welch and Perry,371-58-8106,SJTM08541590310294,26460213
Ricky,Mcintosh,,Secondary school teacher,Shaw Ltd,754-94-6056,CUJI88434548749654,37739205
Amanda,Olsen,,Education officer museum,Mack Inc,595-71-4166,UFBF96280954986758,30283664
John,Robinson,,Designer graphic,Ferguson Ltd,331-34-6805,VASQ54223095883857,48777502
Nathaniel,Barrett,,Accounting technician,Barrera Coleman and Hughes,710-93-9851,FOPE60881943317356,73204406
Jerry,Cochran,,Banker,Mckinney-Smith,811-60-9067,GQGT98332083197661,105871901
Justin,Jackson,,Translator,Williams-Smith,317-40-7259,QLER19555422741714,90929308
Brandon,Richmond,,Web designer,Duran Davis and Bailey,464-76-7848,MXBK59834357022033,44075651
Alex,Edwards,,Occupational psychologist,Rivera Ltd,632-80-8498,KAEM60976247657924,24103475
Douglas,Coleman,,Psychologist clinical,Sparks-Newton,463-12-2254,LUYC58470266403793,19990648
Samantha,Carr,,Lobbyist,Nolan Wade and Anderson,171-42-6658,QGMA69758790496742,69192027
Sandra,Becker,,Televisionfilmvideo producer,Campbell Barajas and Casey,767-50-8020,EJAB55073714363776,80124359
Karen,Dean,,Sales executive,Ramirez Inc,144-90-2097,KHAG66719010261154,101486617
Erik,Dawson,,Paramedic,Parker Berry and Gray,444-74-9313,LXFG80290667775829,43896190
Brian,Butler,,Comptroller,Long-Joseph,232-96-9391,MYRD39106037224026,60392855
Katie,Parker,,Statistician,Thompson-Mckinney,713-87-5026,USNI09183348170098,87272741
Lindsay,Curtis,,Recycling officer,Campbell Perez and Bennett,236-70-3703,WVGM93493652787474,21089851
Deborah,Conner,,Printmaker,Smith-Marks,381-23-7433,YHMF13514004835288,41459254
Grant,Stevens,,Health and safety adviser,Ford Inc,604-48-9971,XHAI37323525182276,62619989
Daniel,Nelson,,Scientist forensic,Calderon-Mcintosh,570-22-7608,HACA73431374861495,108752564
Natalie,Martinez,,Psychotherapist,Davis Woods and Durham,389-27-5292,KNWA59894845331793,23827053
Rhonda,Sanchez,,Logistics and distribution manager,Moore-Lucas,779-30-1795,KBSA11231294464671,97140274
Morgan,Kim,,Nurse learning disability,Black Campos and Dean,403-79-8225,NFDH98784627031319,50984590
Nathan,Woods,,Brewing technologist,Cox Decker and Kim,603-73-3570,RCDF50313485007576,19136075
Tara,Pennington,,Psychiatric nurse,Huber Ltd,746-18-4134,FOAS04577962479918,17638698
Joseph,Cooper,,Surveyor planning and development,Jenkins PLC,164-06-9889,TMGP52214595018394,107963244
Jillian,Harper,,Armed forces training and education officer,Cook-Ramos,224-65-8976,GDQN48963023514582,107518615
Terrance,Myers,,Chartered accountant,Newman Ellison and Franklin,704-68-3296,GHSX26333761454090,52983191
Sophia,Alvarado,,Set designer,Frazier Webster and Ortiz,689-02-9848,VZNK87303802440896,97878326